1,Hugibert,Helbeck,Ace,06/07/1990,Male,6 Marquette Circle
2,Bourke,Crufts,Wildor,04/11/2003,Male,7 Pierstorff Court
3,Kort,Pothergill,Bartoszewicz,12/29/1988,Male,48183 Magdeline Avenue
4,Meyer,Pabelik,Oswal,01/14/2009,Male,9873 Westerfield Park
5,Nathanil,Botwright,Verryan,12/29/1977,Male,29 Melody Avenue
6,Milka,Wagnerin,Sturzaker,12/24/2008,Female,31523 Village Plaza
7,Riane,Sinnatt,Wyett,08/04/1988,Female,0502 Delaware Road
8,Freddy,Enrdigo,Benson,11/03/1996,Male,80589 Holmberg Pass
9,Jackie,Liversage,Romayn,12/06/2008,Male,65687 Coolidge Park
10,Kylynn,Blasing,Brakespear,05/03/1996,Female,6 Mallard Avenue
11,Geri,Rounds,Utting,05/27/1974,Male,8 Daystar Crossing
12,Vi,Hierro,Parres,12/11/1987,Female,36 Burning Wood Parkway
13,Reinaldos,Ledington,Chaloner,11/02/1996,Male,840 Kinsman Road
14,Sara-ann,Giraudot,Guyonneau,09/04/1975,Female,533 Mitchell Pass
15,Lesya,Wyard,Della,08/24/1984,Female,55655 Ridgeview Street
16,Dione,Gonzalvo,Rockliffe,06/30/1993,Female,372 Dahle Parkway
17,Waverley,Daintrey,MacCague,04/22/1979,Male,24853 Lawn Way
18,Simon,Cavanaugh,O'Kynsillaghe,01/16/2004,Male,226 Debra Pass
19,Adair,Jankovic,Bale,11/02/1979,Male,7349 Nelson Drive
20,Celestina,McCurtin,Unger,02/18/1987,Female,3609 Hansons Street
21,Bren,Braizier,Braghini,01/05/1995,Female,2039 Bellgrove Hill
22,Britteny,Fozzard,Maddaford,09/01/1991,Female,281 Prairieview Parkway
23,Dav,Shere,Klaggeman,06/14/1971,Male,9243 Ramsey Alley
24,Kayne,Undrell,Effnert,01/15/1984,Male,65189 Graedel Parkway
25,Tessi,Long,Ledes,02/28/1983,Female,6675 Nelson Crossing
26,Cathlene,Snap,Busby,12/31/1993,Female,856 Briar Crest Trail
27,Hughie,Earpe,Du Fray,10/20/2014,Male,064 Troy Street
28,Erie,Thorndycraft,Norkutt,07/17/2006,Male,62 Ohio Trail
29,Zacharie,Bakhrushkin,Breston,12/25/1973,Male,54540 Oakridge Circle
30,Byron,Cruft,Wickes,08/29/2009,Male,8944 Onsgard Avenue
31,Augy,Mennell,Ridgway,04/17/1999,Male,0326 Duke Center
32,Bran,Eykel,Radbone,06/01/2005,Male,5 Mcguire Park
33,Staci,Dalston,Dorre,08/28/1987,Female,908 Roxbury Place
34,Rad,Corringham,McCotter,01/27/1978,Male,70 Lukken Street
35,Siobhan,Finn,Nutbrown,06/14/1987,Female,527 Dottie Plaza
36,Dody,Crumb,Peegrem,05/17/2014,Female,7 Clyde Gallagher Trail
37,Tabb,Stather,Meldon,09/15/1988,Male,930 Marcy Avenue
38,Diarmid,Sausman,Woodhall,08/23/2012,Male,3764 Karstens Hill
39,Iris,Du Hamel,Ziemke,03/07/1988,Female,839 Pawling Avenue
40,Ilysa,Niven,Ulster,01/08/1978,Female,4676 Dottie Junction
41,Shelia,Chillingworth,Pye,08/15/1975,Female,92256 Orin Point
42,Ardra,Aasaf,Spencook,07/01/2002,Female,575 Gulseth Alley
43,Gilemette,McEwan,Upton,10/19/1991,Female,1 Saint Paul Crossing
44,Gardiner,Glide,Aspden,08/29/1982,Male,74127 Farmco Pass
45,Clea,Mauchline,Brittin,02/09/2006,Female,90000 Maywood Plaza
46,Lyndell,Inglis,Smeed,04/30/2014,Female,1 Dennis Center
47,Jae,Laslett,Sutheran,01/30/1985,Male,3 Service Street
48,Kristofor,Bolwell,Calderbank,06/04/1983,Male,586 Mosinee Place
49,Barbabas,Safe,Kleinber,07/17/2009,Male,323 Mcguire Terrace
50,Lewie,Buttrick,Girod,02/01/1988,Male,61 Morningstar Point
51,Fiann,Whilde,Gregore,12/17/2003,Female,013 Heffernan Place
52,Norbert,Lavens,Beazleigh,04/14/1971,Male,63288 Redwing Court
53,Yvonne,Stygall,Delnevo,12/10/2000,Female,1389 Superior Street
54,Becca,Puffett,Surmeyer,11/16/2011,Female,1161 Calypso Pass
55,Dotty,Baffin,Ivell,07/20/1990,Female,5250 Tomscot Road
56,Kimbell,Hanes,Mogford,04/19/1996,Male,077 Saint Paul Lane
57,Beryl,Houlahan,Golborne,09/03/1987,Female,78337 Knutson Hill
58,Finn,Nadin,Daid,05/27/2014,Male,96 Ludington Alley
59,Diana,Seale,Crocumbe,04/24/1993,Female,74 Anniversary Terrace
60,Viole,Etock,Bindon,11/07/2010,Female,859 Calypso Court
61,Mason,Oxbury,McClean,10/24/2009,Male,0 Longview Road
62,Fitzgerald,Deniso,Olden,04/19/1994,Male,727 Ruskin Street
63,Deirdre,Stock,Bennetto,04/09/1995,Female,0979 Mcguire Circle
64,Else,Gail,Conew,08/27/1996,Female,23 Raven Road
65,Dede,Selland,Huard,03/12/2004,Female,763 Kensington Drive
66,Kit,Del Castello,Kermode,07/08/1997,Male,59 Westerfield Parkway
67,Nola,Mowle,Hoofe,01/24/1984,Female,71 Alpine Avenue
68,Shaughn,Guitel,Warnes,10/03/2007,Male,168 Buhler Circle
69,Farlie,Tarr,MacEllen,09/11/1970,Male,211 Oak Avenue
70,Elvin,Woodwing,Mishaw,02/11/2008,Male,3 Lerdahl Avenue
71,Kristoffer,Sprigging,Jimmes,03/19/1985,Male,74336 Sheridan Park
72,Brigit,Crebbin,Wordington,03/11/2006,Female,85 Blackbird Crossing
73,Dylan,Najara,Figgins,11/12/1981,Male,7058 Dorton Lane
74,Dwain,Stainburn,Lightbown,07/31/1972,Male,1103 Fordem Way
75,Reggie,Keveren,Quakley,12/26/1973,Female,97290 Raven Center
76,Bonny,Stennet,Clawe,10/20/1976,Female,9 Montana Trail
77,Chickie,Ironmonger,Mapham,02/20/2005,Male,2 Paget Terrace
78,Kerwin,Ovanesian,Kobpa,06/13/2013,Male,0175 Nobel Hill
79,Jocko,Harverson,Flecknoe,11/01/1972,Male,67477 Becker Park
80,Dov,Wines,Langlais,06/09/1987,Male,47 Clyde Gallagher Point
81,Randi,Watkiss,Carbert,05/10/2006,Male,647 Dryden Point
82,Granny,Ingree,Culwen,04/05/2011,Male,5601 Roxbury Park
83,Robinet,Savery,Castiglioni,10/12/1988,Female,60077 Chive Court
84,Halli,O'Sheils,Course,02/22/2010,Female,125 Summit Point
85,Dela,Pym,Dorsett,12/15/1986,Female,78 Waubesa Alley
86,Donetta,Whysall,Girdlestone,07/28/2011,Female,68 1st Lane
87,Bobbee,Gantlett,Dodson,04/29/1981,Female,1 Surrey Avenue
88,Mia,Blaza,Troucher,03/06/2002,Female,91468 Glendale Parkway
89,Kris,Greenfield,Eliet,12/29/2010,Male,1 Banding Lane
90,Fidole,McKissack,Romand,06/18/2012,Male,367 Claremont Drive
91,Garrick,Woolmington,Bowerbank,06/27/1977,Male,59 Hooker Road
92,Joby,O'Corren,Cauderlie,11/14/1972,Female,549 Coolidge Plaza
93,Richmond,McSporrin,Benam,11/28/1980,Male,7702 Oak Valley Trail
94,Edsel,Yewdall,Willers,06/21/1980,Male,5 Oxford Junction
95,Whitman,Cremer,Le Grand,07/20/1981,Male,4857 Magdeline Crossing
96,Fayre,Coleman,Costan,02/01/2013,Female,5521 Reinke Junction
97,Jere,Birden,Sivills,01/31/1982,Male,73064 Blue Bill Park Circle
98,Jens,Hawler,Harfleet,08/27/1992,Male,574 Mcguire Point
99,Stefanie,Dartnall,Flintuff,06/07/1990,Female,014 Buell Plaza
100,Alicia,McGreay,Tolland,10/01/1990,Female,3 Goodland Pass
101,Aura,Abbys,Di Giacomo,11/19/1971,Female,6288 International Center
102,Hubey,Zanutti,Robic,02/13/2003,Male,197 Daystar Lane
103,Leticia,Fishbourn,Josefowicz,10/04/2004,Female,3313 Dixon Road
104,Avivah,Ellens,Dowsey,01/28/2010,Female,88 Hayes Parkway
105,Pet,Malmar,Philipsohn,02/23/2013,Female,203 Florence Way
106,Ferdie,Melville,Prandini,08/05/1990,Male,45239 Nobel Avenue
107,Jordana,Mathieu,Rewbottom,08/24/1994,Female,5 Pankratz Plaza
108,Maddy,Waberer,Kender,05/25/1975,Male,5230 Florence Trail
109,Fraser,Girdwood,Brookson,07/29/2007,Male,5 Vermont Terrace
110,Matilda,Di Biaggi,Volage,09/15/1992,Female,1 Meadow Vale Terrace
111,Tressa,Gourdon,Calf,03/04/1970,Female,5 Hollow Ridge Trail
112,Cherey,Alexsandrovich,Cashford,12/18/2013,Female,61294 Ridge Oak Pass
113,Aleece,McCarty,Bollum,01/23/1972,Female,88089 Graceland Junction
114,King,Ashbee,Chasney,11/11/1971,Male,1279 Bluestem Plaza
115,Kurt,Jeskins,Marsay,10/28/2001,Male,2 Wayridge Parkway
116,Denny,Fishly,Raftery,03/02/1970,Male,68 Morrow Trail
117,Kinna,Lasty,Calrow,11/18/1974,Female,1636 Toban Point
118,Zsazsa,Coxhell,Dows,02/01/2003,Female,3536 Clarendon Alley
119,Gussie,Masham,Dugood,10/24/1992,Female,56 Grover Road
120,Orsola,Greyes,Tommasetti,08/14/2005,Female,12549 Artisan Drive
121,Rosella,Leng,Bryett,12/18/1998,Female,181 Pierstorff Point
122,Farley,Pllu,Swatten,11/14/2002,Male,3239 Pawling Place
123,Jeanna,Fendt,Brauns,08/16/1991,Female,038 Esch Circle
124,Ezekiel,MacKey,Simonazzi,05/13/1980,Male,877 Roth Road
125,Gustaf,Bradtke,Siddaley,05/19/1999,Male,925 Nevada Lane
126,Dominga,Elegood,Aylin,11/07/1991,Female,040 Commercial Lane
127,Ninnette,McRonald,Curthoys,01/09/1974,Female,4 Sullivan Point
128,Alex,Rennebeck,Millichip,03/30/2005,Male,81145 Alpine Alley
129,Jo ann,Dancer,Youings,12/01/1975,Female,753 Logan Plaza
130,Becca,Tabary,Moreside,01/26/1977,Female,92219 Golden Leaf Alley
131,Elva,Rowat,Ciobotaro,08/28/1977,Female,90 Ruskin Place
132,Audra,Clemmitt,Turnpenny,08/29/1983,Female,7 Sauthoff Crossing
133,Ilario,McQuillan,Durtnal,08/31/1970,Male,1 Ryan Point
134,Deana,Gittings,Brogi,07/06/1994,Female,39549 Kinsman Park
135,Jobey,Adney,Eagling,09/30/1976,Female,47335 Rowland Avenue
136,Valina,Trustey,Pawlett,03/12/2012,Female,27065 5th Road
137,Rhett,Marjoribanks,Storrier,01/06/1984,Male,42 Brown Street
138,Cory,Guest,Blanpein,09/11/1974,Female,8841 Mandrake Parkway
139,Ninette,Lehrmann,Radmore,09/15/1999,Female,553 Spaight Place
140,Alane,Hawkyens,Bohler,08/17/1997,Female,64 Florence Road
141,Zebulon,Aird,Corde,01/19/1979,Male,020 Sunbrook Point
142,Evaleen,Goldsack,Boddice,06/02/2004,Female,2 Truax Court
143,Jethro,Larkin,Wasylkiewicz,06/29/1998,Male,3 Cordelia Avenue
144,Forrest,Quartly,Micheli,08/28/1989,Male,59487 Farwell Plaza
145,Jeniece,Kinsley,Dawidowicz,03/02/1993,Female,39 Dennis Plaza
146,Cyrus,Blinder,Toppin,09/17/1984,Male,37297 Judy Avenue
147,Auria,Brunsden,Hemphill,05/08/1971,Female,617 Park Meadow Lane
148,Benton,Dober,Bruinemann,09/02/1975,Male,81 Golden Leaf Park
149,See,Kearsley,Fehner,12/12/1978,Male,90 Pine View Drive
150,Dehlia,Braxton,Pescod,08/17/1985,Female,98448 East Park
151,Neale,Eamer,Boxill,05/10/1974,Male,2698 Anthes Plaza
152,Libbie,Dallas,Barkess,06/11/2012,Female,82818 Corben Crossing
153,Audy,Descroix,Cattell,11/10/2014,Female,205 Burning Wood Alley
154,Niall,Falls,Keighley,11/09/1997,Male,1026 Orin Parkway
155,Johnny,Dugdale,Fenemore,11/24/2004,Male,077 Autumn Leaf Point
156,Barton,Byham,Reneke,05/10/2003,Male,19 Portage Junction
157,Darill,Du Hamel,Loughead,05/08/2002,Male,44 Sundown Plaza
158,Niki,Martusov,Immer,09/11/2013,Female,1 Corry Crossing
159,Emalee,Downgate,Phillps,07/02/1978,Female,817 Dahle Court
160,Jo,Bucke,Monni,01/31/1983,Female,0965 Eagle Crest Court
161,Udall,Weare,Eastment,01/16/2015,Male,82837 Oxford Trail
162,Danna,Bastone,Petracchi,03/26/2009,Female,60 Carioca Hill
163,Craggy,Cudihy,Philliskirk,02/08/1996,Male,40 Moose Alley
164,Britteny,Van der Kruijs,Haulkham,04/04/1974,Female,3 East Place
165,Granville,Silbersak,Pash,08/14/1989,Male,67 Old Shore Road
166,Karola,Bellelli,Troke,04/18/1987,Female,0 Aberg Trail
167,Sisile,Geffinger,Ayshford,10/03/1972,Female,568 American Parkway
168,Max,Vannar,Iley,06/16/1991,Female,38587 Heffernan Alley
169,Rose,Gerhartz,Scatchard,07/12/1988,Female,853 Brickson Park Road
170,Cristal,MacCarter,DeSousa,04/24/2001,Female,655 Bluestem Court
171,Abby,Ankrett,Walkden,09/13/1982,Male,46 Sheridan Terrace
172,Titos,Desvignes,Edmott,11/25/1978,Male,48679 Ilene Lane
173,Gael,Ody,Unger,12/06/1972,Male,600 Pine View Road
174,Kesley,Quarrington,Van Zon,05/23/1974,Female,909 Eagan Trail
175,David,Gadie,Collingham,06/02/1973,Male,2 Rutledge Avenue
176,Louis,Sinott,Nann,12/04/1996,Male,59 Eastwood Parkway
177,Viviana,Alfonsetti,Meriguet,11/24/1984,Female,55 Wayridge Avenue
178,Alick,Signorelli,Fardon,10/06/2002,Male,0606 Gulseth Crossing
179,Clemence,Rains,Crosthwaite,09/05/1979,Female,0989 Iowa Alley
180,Raimund,Mulles,Blackbrough,05/02/2007,Male,44173 Surrey Way
181,Camey,Spire,Slyde,10/01/2005,Male,46 Towne Crossing
182,Des,Adger,Manjot,07/18/1987,Male,99365 Lakewood Hill
183,Coral,Sheddan,Croxall,11/12/2000,Female,1165 Chive Circle
184,Karyn,Giacomuzzo,Gorden,10/05/2012,Female,29 Northridge Plaza
185,Clive,Itzhak,Matiasek,06/26/1991,Male,9271 Warbler Avenue
186,Gustav,Caile,Gueste,05/23/1977,Male,2 Vahlen Junction
187,Vanna,de Glanville,Hayle,05/04/2011,Female,387 Maywood Way
188,Adda,Duxbarry,Hartridge,11/02/1977,Female,1 Sullivan Hill
189,Dorrie,Stuke,Butting,07/30/2001,Female,68415 Dwight Place
190,Andromache,Hoffmann,Keller,06/03/1976,Female,26 Nevada Street
191,Pen,Starton,Woodage,07/23/1989,Male,140 Delladonna Road
192,Alisun,Crame,O'Brollachain,01/18/2008,Female,0288 Reindahl Street
193,Megen,Domenichini,Ference,09/04/1999,Female,044 Kinsman Alley
194,Mylo,Alan,Waskett,05/06/1991,Male,6 Melvin Way
195,Brett,Sigge,Dalgarnocht,09/25/1977,Male,34 Stone Corner Avenue
196,Camille,Schwier,Rowthorn,07/28/2013,Female,2700 Michigan Street
197,Darwin,Pinchin,Carek,06/27/2005,Male,34 North Parkway
198,Robbert,Swine,Kinig,08/05/2012,Male,980 Logan Point
199,Mirilla,Littlejohns,Borell,03/30/1999,Female,5 Buhler Parkway
200,Truda,Tampling,Vasiliu,02/20/1996,Female,1 Corben Alley
201,Liv,Carstairs,Sandiford,04/09/1977,Female,22 Kedzie Alley
202,Cornelle,Whear,Oleksinski,06/11/1979,Female,1 Corry Alley
203,Gertruda,Abela,Corkel,07/03/2013,Female,9 Vahlen Drive
204,Caesar,Cowing,Loads,09/30/1971,Male,900 New Castle Point
205,Kassi,Wayman,Sket,03/17/2000,Female,12 4th Street
206,Pen,Gethen,Challenger,09/29/1971,Female,63 Huxley Road
207,Iolande,Fratczak,Rodgerson,03/11/2013,Female,92 Ridgeview Hill
208,Eugenius,Daleman,Sircombe,06/14/2011,Male,6462 Northport Street
209,Marcelle,Siddle,Szymonwicz,10/29/1994,Female,31265 High Crossing Point
210,Luce,Welman,Jewkes,02/27/1997,Male,3 Pearson Circle
211,Ainslee,D'Emanuele,Beadel,12/01/1986,Female,8226 Lotheville Point
212,Rhetta,Whittingham,Doerren,02/08/1978,Female,4 Village Hill
213,Hadley,Rape,Komorowski,02/17/1978,Male,14 Waywood Park
214,Alvy,Doutch,Gaytor,12/22/2009,Male,8 Summit Plaza
215,Maggi,Gobeaux,Polino,12/20/1990,Female,33 Boyd Center
216,Jamesy,Arnhold,Ryall,04/16/1999,Male,8 Aberg Drive
217,Kyle,Woollcott,Graeme,01/30/1988,Female,68053 Schiller Crossing
218,Vilhelmina,Flockhart,Caught,02/08/1980,Female,7925 Westend Alley
219,Natty,Giovannazzi,Grisewood,10/15/1972,Male,92 Waywood Junction
220,Marchall,Downe,Rattenbury,11/23/1979,Male,4708 Katie Park
221,Maggee,Cheatle,Crannage,10/23/1985,Female,2 Parkside Hill
222,Henrieta,Dulieu,Ethelston,09/02/1981,Female,00 Twin Pines Hill
223,Godart,Bru,Christofle,10/27/1972,Male,621 Bonner Park
224,Dominica,Outerbridge,Pettingall,02/09/1995,Female,5891 Steensland Plaza
225,Felicdad,Rowland,Kolakovic,10/14/1981,Female,407 Cody Plaza
226,Garnet,Cordelette,Salthouse,10/10/1979,Female,62 Manley Circle
227,Carine,Lafoy,Washbrook,06/16/1970,Female,3062 Donald Trail
228,Skippie,Kira,Vero,01/20/1991,Male,57978 Ohio Place
229,Alanah,Hymas,Gatcliff,01/06/2009,Female,6 Basil Court
230,Stanislaw,Suscens,Castaner,09/06/1991,Male,94270 Rieder Hill
231,Elsbeth,Ronisch,Jaycock,08/19/2013,Female,01 Lighthouse Bay Park
232,Durand,Druce,Huckett,02/26/1989,Male,65 Emmet Hill
233,Bonny,Hooks,Norcutt,01/15/1979,Female,6059 Corben Lane
234,Ranna,Gannicleff,Marzelo,03/17/1986,Female,69073 Menomonie Center
235,Maxy,Gibling,Walbrook,11/13/2011,Female,00 Darwin Circle
236,Gilles,Cleife,Janaszewski,02/10/2009,Male,392 Spohn Parkway
237,Fabe,Newell,Huntingford,05/31/1990,Male,20138 Kipling Street
238,Barbee,Hrynczyk,Flade,08/17/2013,Female,78 Waywood Road
239,Ezequiel,Bernardet,Orae,01/16/2006,Male,772 Moland Crossing
240,Eada,Solley,Leuchars,09/11/2000,Female,92 Onsgard Junction
241,Amandi,Simmonite,Balaizot,10/29/1989,Female,71 Westerfield Alley
242,Guendolen,Pebworth,Riding,05/13/2007,Female,8 Derek Way
243,Gladi,Tweedy,Gostyke,12/14/2007,Female,8781 Schlimgen Circle
244,Ezechiel,Balle,Feitosa,04/01/2010,Male,77 Bunting Lane
245,Karim,Deacock,Clayal,07/22/1973,Male,49203 Vera Circle
246,Fionnula,Scholl,Scholcroft,12/26/1997,Female,28 Crowley Parkway
247,Georgy,Munby,Fawdrey,02/25/2010,Male,63 Buell Park
248,Osbourn,de Chastelain,Landreth,04/14/1982,Male,835 Tennyson Avenue
249,Christian,Barabisch,Reyburn,02/22/1990,Male,90 Jay Circle
250,Smitty,Hiseman,Stoffersen,09/13/1987,Male,76784 Manitowish Pass
251,Josepha,Ferneley,Carr,05/29/2014,Female,6 Coleman Avenue
252,Erwin,Brace,Grolmann,01/15/1984,Male,824 Little Fleur Crossing
253,Agnesse,Kerman,Aronson,06/03/2008,Female,0 Monterey Hill
254,Carrie,McLuckie,Trimme,08/09/1983,Female,276 Springview Lane
255,Georgia,Gillise,Peters,01/29/2009,Female,260 Dakota Alley
256,Lilas,Jersch,Whyler,02/22/2011,Female,6 Fairview Pass
257,Ambur,Lockton,Wethey,03/25/1984,Female,14 Tennyson Hill
258,Darice,Kreuzer,Fontenot,01/08/2003,Female,250 Lillian Circle
259,Joellen,Raddenbury,Birkwood,08/29/1991,Female,5448 Quincy Way
260,Franky,Druce,Evennett,03/30/1982,Male,53441 Sommers Hill
261,Lamont,Sinkin,Brosh,04/17/1987,Male,23 Hooker Place
262,Ole,Deegin,Poznanski,09/02/2006,Male,31 Artisan Drive
263,Hughie,Mallison,Hansman,09/09/1983,Male,455 Nova Way
264,Alonzo,Castles,Landor,02/11/1995,Male,66564 Green Trail
265,Mellisent,Rowlings,Edgson,04/01/1989,Female,69656 Oneill Circle
266,June,Ewols,Gulleford,03/01/1974,Female,46 Cascade Alley
267,Geordie,Hartwright,Corde,08/11/2002,Male,5 Northwestern Pass
268,Mortimer,MacShane,Dally,02/04/2002,Male,0 Del Sol Point
269,Avigdor,Pellingar,Billington,10/23/2009,Male,49131 Northport Avenue
270,Gustavo,Paik,Manes,10/17/1971,Male,06106 Reindahl Trail
271,Trent,Gascoyen,Grellier,05/31/2006,Male,3165 Dapin Way
272,Tracy,Ailward,Vondrys,05/24/1978,Male,6 Shoshone Parkway
273,Masha,Flattman,Wathall,07/20/1971,Female,684 Algoma Lane
274,Lida,Johns,Smewing,03/20/1995,Female,1381 Schurz Terrace
275,Howey,Reisenstein,Roget,11/26/1979,Male,87 Lakewood Street
276,Tine,Bagg,Bawle,08/12/1993,Female,2532 Pearson Point
277,Fidel,Gowans,Bartlosz,12/30/2014,Male,84896 Birchwood Circle
278,Val,MacDunleavy,Monteith,05/10/1991,Male,7 Waywood Crossing
279,Reggie,Piesing,Gudde,06/17/1971,Male,2496 Towne Place
280,Zitella,Osgood,Dowbiggin,01/25/1995,Female,19532 Sloan Lane
281,Zitella,Hatherell,Vaszoly,02/10/2001,Female,9 Birchwood Road
282,Bobbee,Hein,Castel,04/15/2004,Female,46 Bunker Hill Place
283,Eduino,Roberti,Limpenny,05/04/2009,Male,80 Blue Bill Park Park
284,Lenora,Wrightson,Hebblethwaite,01/10/1987,Female,4953 Havey Avenue
285,Lia,Cleal,Reyne,05/17/1998,Female,5 Westport Pass
286,Robbert,Lempertz,Maggill'Andreis,04/02/1971,Male,667 Loomis Pass
287,Alanna,Chattaway,Rosewall,12/23/1985,Female,8 Cordelia Street
288,Gasparo,Haycraft,Gentner,01/01/2004,Male,3794 1st Trail
289,Lucine,Ever,Beardmore,07/06/1988,Female,75 Meadow Ridge Park
290,Bartolemo,Oury,Oloshin,12/18/1975,Male,6 Milwaukee Center
291,Petra,Mortlock,McLeod,03/12/1975,Female,5563 Welch Lane
292,Matteo,Sherborne,Todarini,11/19/1985,Male,74699 Sutherland Trail
293,Brock,Leonards,Abbay,12/23/1973,Male,8479 Jay Pass
294,Lek,Finder,Pierce,10/09/1986,Male,5621 Melby Drive
295,Stirling,Tuff,Shinton,01/24/2006,Male,76 Tony Drive
296,Andree,Boig,Gorbell,07/31/1992,Female,0945 Fieldstone Parkway
297,Faustine,Jovicic,Richardt,06/07/1973,Female,7 Arapahoe Road
298,Pippy,Sergant,Handscomb,01/25/1979,Female,623 Acker Circle
299,Anne-marie,Conichie,Barosch,05/04/2001,Female,87572 Kropf Hill
300,Donavon,Addyman,Masdin,02/10/1994,Male,64771 Union Avenue
301,Conchita,Oleshunin,Malster,12/03/2001,Female,80164 Summit Alley
302,Clary,Greatreax,MacDermot,09/01/1984,Female,34838 Old Shore Road
303,Juliana,De Laspee,Vye,01/06/1999,Female,80789 Boyd Drive
304,Mile,Hutchings,Posnette,06/02/2005,Male,40593 Dunning Parkway
305,Merrill,Aubri,Gillitt,07/21/1974,Male,0822 Maywood Parkway
306,Thedrick,Bastard,Kauscher,08/21/2005,Male,82 Killdeer Pass
307,Roderich,Flieg,Fernandez,01/02/2000,Male,399 Straubel Place
308,Kara,Jesper,Fery,07/03/2004,Female,15737 Shopko Pass
309,Amandy,Roja,Slimon,03/19/2000,Female,77 Scott Road
310,Kissie,Kelson,Povlsen,07/13/2005,Female,45 Pawling Circle
311,Carena,Flatte,Yallowley,12/09/2012,Female,48654 Bluestem Terrace
312,Lynnet,Allitt,Beacock,08/29/1974,Female,82512 Grayhawk Crossing
313,Gabi,Macias,Nehl,02/19/1988,Male,94091 Green Ridge Drive
314,Nananne,Lenden,Messingham,10/20/1983,Female,3 Hansons Plaza
315,Erastus,Balderston,Fennell,12/17/1976,Male,4 Hoard Junction
316,Donny,Stolworthy,Clavering,05/04/1984,Male,657 Browning Way
317,Sax,Whitland,Bembrick,02/10/1994,Male,33192 Express Lane
318,Tiffy,McAuslan,Hardy-Piggin,07/29/2003,Female,60 Gerald Point
319,Web,Degoy,Blasio,06/18/2001,Male,9079 Bonner Crossing
320,Claybourne,Blenkhorn,Stollberg,09/14/1987,Male,60577 Debra Junction
321,Florrie,Antoniutti,Kivits,06/11/1994,Female,3871 Waxwing Terrace
322,Carson,De Vaar,Godin,10/16/2000,Male,37704 Barby Circle
323,Renard,Corten,Readhead,10/15/1997,Male,4 High Crossing Hill
324,Jemimah,Bold,Dowyer,10/06/1978,Female,65481 Sauthoff Hill
325,Consolata,Jeannon,Keuning,03/28/1978,Female,42 7th Drive
326,Hildegaard,Le - Count,Lovering,06/22/1985,Female,4 Bartelt Pass
327,Reinaldo,Sive,Eggerton,04/22/1995,Male,34599 Morningstar Way
328,Bert,Wolfarth,Bick,05/01/1978,Female,6569 Pleasure Parkway
329,Victoir,Handke,Freire,11/27/1998,Male,2497 Marcy Alley
330,Mathian,Haldin,Carnelley,03/18/1988,Male,35 Forest Dale Center
331,Inger,Cristofvao,Millgate,07/12/1973,Male,3410 Lukken Junction
332,Sheree,Andrelli,Wynett,04/01/2010,Female,43 Mcbride Parkway
333,Melony,Sonier,Elcom,09/07/1984,Female,42 Shasta Junction
334,Doloritas,Coggill,McGettigan,08/07/1980,Female,9761 Heath Hill
335,Velvet,Hayter,Kellough,03/28/1998,Female,8371 Ridge Oak Center
336,Jenine,Zorzin,Caunt,06/28/1974,Female,45768 Summit Drive
337,Derril,Dalgetty,Santore,08/13/2005,Male,48 Veith Plaza
338,Patrick,Sowthcote,Sheed,07/24/1995,Male,8 Anniversary Junction
339,Wolfie,Weathey,Dallicoat,08/07/1985,Male,10221 Monterey Point
340,Bailey,Alster,Cullum,06/01/1998,Male,46672 Kim Drive
341,Violante,Neilan,Mushrow,03/06/1978,Female,04 Algoma Court
342,Collete,Ochterlonie,Favey,04/05/1993,Female,8 Nevada Avenue
343,Viviana,Janczyk,Bradburne,09/26/1989,Female,877 Kinsman Way
344,Gaylene,Fawkes,Shouler,05/28/2013,Female,0 Quincy Avenue
345,Dorita,Broune,Merrydew,05/19/2011,Female,59501 Stuart Junction
346,Crawford,Champion,Batchelar,03/21/2007,Male,46596 Eagan Drive
347,Niki,Kynson,Bates,06/18/1974,Male,0 Holy Cross Road
348,Kiele,Earpe,Klimkov,10/28/2012,Female,935 Thierer Terrace
349,Samuel,Trelease,Cheltnam,06/03/1998,Male,23 Huxley Pass
350,Geoffrey,Carruth,Smales,05/16/2012,Male,6038 Ramsey Terrace
351,Siouxie,Tome,Manz,09/11/1974,Female,51015 Schurz Junction
352,Alidia,Quiney,Lockton,02/04/1980,Female,63 Grover Circle
353,Rodolph,Santer,Spurett,09/21/2003,Male,4431 Lien Junction
354,Benito,Del Dello,Commuzzo,08/27/2010,Male,5680 Bunker Hill Road
355,Griff,Aylin,Balf,11/03/1971,Male,4 Porter Road
356,Ricky,Steuhlmeyer,Tice,04/27/1989,Male,8 Lawn Alley
357,Robena,Vanichev,Saunderson,08/02/2011,Female,33 Manufacturers Terrace
358,Mikey,Brass,Kelloch,05/14/1979,Male,3467 Welch Avenue
359,Kerry,Everiss,Marklow,03/05/1992,Male,19 Rieder Court
360,Dallas,Torbet,Roger,11/06/2010,Male,96146 Ramsey Park
361,Des,Rippen,Vallens,08/04/1981,Male,069 Ronald Regan Court
362,Des,Cumberledge,Teers,02/20/1990,Male,3 Dryden Road
363,Marthe,Menego,Gatward,12/03/1976,Female,76 Cherokee Plaza
364,Carlee,Martel,McClintock,07/23/1976,Female,365 Tony Plaza
365,Kellby,Gray,Giffard,02/18/1995,Male,15129 Elgar Way
366,Evanne,Barrat,Custed,08/09/2004,Female,26270 Manitowish Parkway
367,Gregoire,Bridal,McGeagh,06/15/2013,Male,1985 Russell Park
368,Ariadne,Atcheson,Hanham,05/17/1985,Female,950 Northwestern Street
369,Panchito,Howatt,Ellam,10/10/1978,Male,868 Longview Park
370,Bettina,Kembley,Isaacson,12/28/2013,Female,161 Becker Alley
371,Nerita,Sicily,Stratz,03/08/1991,Female,5 Dapin Trail
372,Corilla,Hof,Fumagalli,11/23/1997,Female,7616 Onsgard Avenue
373,Onfroi,Gammill,Cuppleditch,04/22/1981,Male,308 Kennedy Street
374,Alejandrina,Gadaud,Felder,05/31/1992,Female,36038 Sunbrook Pass
375,Glad,Muckersie,Elia,12/28/1980,Female,40 Jana Street
376,Caty,Gilderoy,Howsam,08/10/2005,Female,9060 Ronald Regan Circle
377,Susann,Castillou,Lagde,05/18/2011,Female,105 Buell Court
378,Kimberlyn,Romanet,Penwarden,05/11/1977,Female,40733 American Ash Point
379,Leslie,Kerwin,McLennan,07/21/2000,Female,62929 Golf View Drive
380,Elyssa,Towsie,Hannen,08/06/1981,Female,01620 Coleman Drive
381,Hazel,Rumble,Keaveny,07/07/1975,Male,83 Muir Street
382,Slade,Origin,Maton,12/19/1988,Male,8 Stang Place
383,Nessie,Hamfleet,Gullefant,12/16/2006,Female,5033 3rd Point
384,Bradly,Dulinty,Morgon,05/01/1993,Male,786 Schlimgen Trail
385,Kikelia,Tindall,Windrum,02/06/1992,Female,548 Amoth Hill
386,Matteo,Weddup,Rignall,03/12/1994,Male,38 Golf Course Avenue
387,Georgie,Emlyn,Camble,03/13/1973,Female,4 Sutteridge Circle
388,Livy,Barnsdale,Bayfield,12/13/1981,Female,974 Clyde Gallagher Road
389,Dreddy,Tuckie,Perritt,05/16/1999,Female,1436 Shoshone Point
390,Sybila,McLelland,Tureville,03/03/2001,Female,28935 Merchant Point
391,Hector,Liptrot,Titherington,09/11/1979,Male,7810 Lyons Court
392,Archaimbaud,Screech,Batha,10/04/1992,Male,2 Di Loreto Parkway
393,Ferris,Freer,Cropton,09/18/1989,Male,567 Scott Drive
394,Eirena,Whellams,Tafani,06/17/1988,Female,2 Northfield Junction
395,Courtenay,Spinozzi,Flacke,02/21/1979,Female,5422 Kropf Pass
396,Garrard,Jikylls,Stollmeier,12/16/1995,Male,75 Bay Center
397,Ozzy,Walton,Baber,11/11/1970,Male,60569 Delaware Center
398,Raff,Nangle,Welman,08/09/2002,Male,133 Clarendon Court
399,Jeth,Ifill,Latty,03/29/1978,Male,76756 Logan Road
400,Raphaela,Grinyer,Shearman,04/19/1987,Female,32 Dwight Place
401,Aurilia,Admans,Guiver,10/20/1996,Female,31540 Randy Parkway
402,Darnell,Smurfit,Helling,03/13/2005,Male,0 Quincy Street
403,Lianne,Corroyer,Iverson,01/22/2014,Female,59 Thompson Lane
404,Pollyanna,Kanwell,Habberjam,11/28/1985,Female,72 La Follette Avenue
405,Angelle,Maasze,Bassano,07/11/1976,Female,6085 Ronald Regan Way
406,Gussy,Pagden,Deason,08/18/1999,Female,11143 Anthes Center
407,Dolly,Cottam,Sapsforde,02/15/2010,Female,44704 Golf Alley
408,Remington,Arthars,Boeck,12/17/1970,Male,906 Pleasure Court
409,Wren,Forman,Wisher,07/01/2007,Female,77 Grover Avenue
410,Cassius,Bussen,Conklin,11/14/2011,Male,9 Miller Terrace
411,Baron,Brawn,Fordy,05/18/2006,Male,8486 Helena Circle
412,Montague,Charle,Cheke,06/23/1973,Male,419 South Junction
413,Reinhold,Cranmere,Turrell,12/31/1974,Male,5645 East Parkway
414,Aleksandr,Goodbur,Mattek,04/14/1987,Male,68345 Red Cloud Lane
415,Daloris,Standish-Brooks,Bothams,11/13/2010,Female,3732 Dapin Place
416,Leonelle,MacGraith,Powlett,10/17/1974,Female,4 Cottonwood Drive
417,Diego,Bassill,Rodder,03/29/1975,Male,8474 Fairview Point
418,Hart,Godsal,Maltby,12/03/2011,Male,1431 Ohio Drive
419,Rorie,Arens,Haysom,12/31/1990,Female,58801 Delaware Crossing
420,Henriette,Esley,Crick,08/10/1997,Female,169 Nelson Way
421,Lauraine,Freke,Moring,11/16/1977,Female,4125 Havey Junction
422,Nat,Holywell,Irdale,08/27/2000,Female,1767 Anderson Center
423,Reade,Pollard,McFadyen,12/30/1981,Male,824 Northport Street
424,Wright,Nairne,Kime,03/21/2004,Male,6 Kim Center
425,Philomena,Sainsberry,Ruslin,12/18/1979,Female,90068 Havey Way
426,Eyde,Popplestone,Blaise,03/18/1985,Female,64372 Corscot Alley
427,Elayne,Nani,Yakunikov,04/14/1994,Female,47 Oakridge Court
428,Kit,Shill,Lawrie,08/13/1975,Female,494 Center Terrace
429,Kayla,Westall,Kleine,04/19/2000,Female,443 Haas Lane
430,Arlena,Kaas,Snook,01/01/2006,Female,841 International Lane
431,Jennine,Brotherhood,Clere,03/13/2004,Female,439 Utah Road
432,Robbi,Cheasman,Britee,07/21/1998,Female,5 Derek Junction
433,Luisa,Cullon,Anker,11/09/2001,Female,8024 Fairfield Road
434,Hilliary,Dowsing,O' Donohoe,07/20/1997,Female,99 Division Lane
435,Lela,Parsall,Milburne,06/05/1979,Female,675 Buhler Pass
436,Dom,Konertz,Gransden,05/19/2014,Male,547 Farmco Road
437,Mirna,Spelling,Benoix,10/14/1988,Female,8 Westend Terrace
438,Andrew,Tingley,Gueny,02/23/1998,Male,9 Hoffman Place
439,Traci,Gamlin,Allsep,02/14/1974,Female,24 Parkside Terrace
440,Inessa,Ganford,Woodland,02/21/2012,Female,6 Sheridan Park
441,Duky,Silvers,Lelievre,04/10/1988,Male,64 Schiller Way
442,Clyve,Liepmann,Malden,12/23/2013,Male,6720 Thierer Road
443,Kristopher,Straw,Latus,01/17/2011,Male,9 West Crossing
444,Lorettalorna,Jamblin,Vernon,10/02/1995,Female,9 Clyde Gallagher Hill
445,Tuck,Bucksey,Naisbet,06/21/1971,Male,65 Kim Alley
446,Max,Hacon,Stroyan,02/13/1981,Male,2 Cambridge Lane
447,Josephine,Castanyer,Primrose,06/21/2012,Female,77625 Mandrake Road
448,Benji,Bebbington,Legion,08/10/1986,Male,79 Marquette Junction
449,Vincenz,Dale,Christopherson,07/18/2012,Male,4555 Coleman Junction
450,Lark,Reddlesden,Boycott,04/25/1988,Female,2444 Quincy Junction
451,Gilbertine,Ollarenshaw,Thews,01/18/1980,Female,74614 Oriole Way
452,Meggi,Brimblecomb,Filipczynski,07/11/1989,Female,7 Annamark Park
453,Christie,O'Shaughnessy,Slinn,12/10/1988,Male,5876 Sundown Crossing
454,Ashleigh,Sevitt,Malkinson,01/10/1996,Female,298 Mariners Cove Hill
455,Raddie,Gogin,Jamson,08/04/2008,Male,593 Comanche Road
456,Vaclav,Glynne,Batter,04/25/1976,Male,60 Memorial Road
457,Sara-ann,Monini,Biss,08/13/1987,Female,82742 Muir Lane
458,Zorine,Backman,McSwan,04/15/1978,Female,789 Portage Way
459,Cristin,Paoli,Gimeno,09/14/1988,Female,3374 Springview Point
460,Rhianon,Diggell,Aish,09/03/1986,Female,78 Saint Paul Center
461,Scotty,Graeser,Jermyn,11/18/1982,Male,471 Esker Plaza
462,Cheston,MacColl,Karczinski,07/27/2005,Male,7 Browning Parkway
463,Chrissy,Cheney,Leipold,10/19/1976,Female,48 Welch Plaza
464,Witty,Crankhorn,Rasper,11/22/2014,Male,120 Fallview Pass
465,Alphonso,Buckoke,Bleiman,04/19/2008,Male,516 Merchant Circle
466,Roz,Semor,Pregel,04/10/1973,Female,2509 High Crossing Crossing
467,Doreen,Haddeston,Braker,05/05/1977,Female,4036 Sutherland Circle
468,Wesley,Simonett,Walmsley,02/15/1990,Male,60 Quincy Center
469,Waylon,McMaster,Trendle,07/05/1975,Male,4065 Sauthoff Street
470,Bradley,Marcu,Tellenbach,08/25/1989,Male,19 Emmet Place
471,Jany,Tetford,Christin,10/06/1992,Female,6932 Bluestem Avenue
472,Trudy,Cubley,Matchell,12/19/1977,Female,4 Homewood Junction
473,Camey,Bracci,Parren,07/28/1972,Male,0465 Anderson Place
474,Thaine,Livingstone,Schruyers,08/23/1986,Male,15 Lawn Park
475,Fitz,Broscombe,Dedrick,10/21/2003,Male,96 Riverside Parkway
476,Orson,Pockey,Cattow,10/10/1984,Male,551 Stoughton Trail
477,Wiatt,Klimushev,Hardage,01/14/1970,Male,227 Golf Course Point
478,Gun,Errett,Norgate,08/30/1972,Male,65019 Blaine Place
479,Rosemaria,Bateman,Maine,12/17/2010,Female,01 Barby Center
480,Kaspar,Coram,Rosenkrantz,06/08/1997,Male,97940 Spenser Street
481,Monique,Ferruzzi,Wardhaw,02/09/2013,Female,7596 Clove Avenue
482,Mamie,Ivery,Headey,05/03/1995,Female,14 Pierstorff Avenue
483,Berne,Couthard,Condy,01/12/1987,Male,53 Shopko Court
484,Mattheus,Crayton,Donegan,12/19/2014,Male,10 Oneill Pass
485,Addy,Stollman,Ridgway,11/23/2007,Male,4 Porter Crossing
486,Gerhardine,Kinnon,Madgewick,09/20/2006,Female,2 Glacier Hill Road
487,Raoul,Plevin,Wigsell,05/12/2006,Male,2268 Morrow Plaza
488,Karolina,Heenan,Tyrrell,06/07/2012,Female,23 Sachtjen Park
489,Marijn,Tugwell,Orteu,10/04/2005,Male,88 Mockingbird Road
490,Webster,Deverose,Redholes,08/12/2000,Male,45603 Holy Cross Junction
491,Mady,Rehorek,Gander,06/07/1971,Female,8056 Prentice Alley
492,Glen,Kimblin,Connold,11/11/2014,Male,29672 Farwell Circle
493,Marie,Kall,Elacoate,11/05/2001,Female,7504 Bowman Pass
494,Laurent,Iannazzi,Ashbe,11/28/1996,Male,2492 Harbort Point
495,Pace,Barmby,Bassett,02/04/1970,Male,391 Roxbury Pass
496,Gasparo,St Angel,Scapelhorn,08/15/1970,Male,9932 Cody Trail
497,Ernest,Andrelli,Dallow,11/01/1996,Male,5 Kinsman Lane
498,Michelle,Tetlow,Newarte,06/25/2002,Female,041 Hovde Plaza
499,Tore,Shoutt,Garvill,09/02/1981,Male,1 Vidon Lane
500,Nicolai,O'Deegan,Ciobutaro,11/22/2002,Male,6034 Mockingbird Point
501,Aldo,Clemenceau,Hradsky,12/08/2004,Male,742 Butterfield Junction
502,Darin,Buxey,Shieldon,03/25/1973,Male,60158 Lyons Pass
503,Margette,McArtan,Bentham,07/30/2012,Female,24 Brentwood Drive
504,Tedie,Vink,Grahame,10/12/1984,Male,139 Bluestem Parkway
505,Kirsti,Wintle,Peplay,09/26/1995,Female,3369 Goodland Point
506,Lezley,Slaughter,Boyet,08/28/2012,Male,5 Rusk Court
507,Franni,Alexsandrev,Cosslett,12/28/1997,Female,4821 Brentwood Junction
508,Brett,Cantua,Sinncock,10/05/1995,Female,84 Sherman Point
509,Jose,Coleby,Guilaem,11/30/1996,Male,0166 Moose Plaza
510,Jeanie,Calcraft,Lote,08/23/1975,Female,764 Bluestem Road
511,Mort,Wheeler,Rolstone,12/03/1999,Male,0625 2nd Park
512,Davine,Ferrie,Roberti,12/12/1997,Female,41357 Gale Plaza
513,Goldarina,Groveham,Dwyer,08/10/1988,Female,9 Fairview Way
514,Sutherland,Soden,Ducroe,01/02/1990,Male,12375 Macpherson Street
515,Gypsy,Damp,Rowaszkiewicz,03/22/2002,Female,1 Oak Circle
516,Cornie,Macari,Paddon,02/11/1971,Male,360 Comanche Park
517,Jorie,Lathwood,Dowyer,01/18/1979,Female,618 Crest Line Trail
518,Emlen,Flanne,Lytlle,05/25/1970,Male,4242 Tomscot Avenue
519,Matthiew,Van Der Walt,Nardi,02/28/2004,Male,8039 Barby Point
520,Stavros,Grotty,Giraudat,11/28/1997,Male,0 Burning Wood Center
521,Damiano,Scandrett,Khristoforov,12/15/2010,Male,3 Continental Street
522,Jordan,Rowberry,Ferrettino,12/03/1977,Female,482 Brentwood Hill
523,Johann,Stormont,Dewett,06/30/1979,Male,47042 Golf View Terrace
524,Brion,Cleminson,Bathurst,07/11/1991,Male,3806 Eastlawn Place
525,Carolus,Swansbury,Skerritt,11/22/1989,Male,44 Artisan Trail
526,Carly,Meharg,O'Kennavain,04/17/2006,Male,26 Tennessee Trail
527,Winston,MacNeillie,Hawkshaw,05/04/1982,Male,332 Ramsey Alley
528,Felicio,Hopkynson,Pybworth,10/19/1974,Male,16 Lunder Street
529,Baxie,Norwich,Ferriman,03/04/1988,Male,613 Canary Hill
530,Royall,Richarz,Langham,12/28/2003,Male,9500 Fuller Avenue
531,Ardella,Yukhnini,Calderwood,03/14/1995,Female,3 Dryden Street
532,Cobby,Hasley,Tarzey,07/29/1989,Male,02912 Onsgard Parkway
533,Bartel,Zammitt,Hayley,06/12/1992,Male,306 Dexter Road
534,Derrik,Settle,Creak,09/17/1995,Male,6 Granby Junction
535,Lock,Shead,Luc,04/07/1985,Male,5426 Merry Hill
536,Sela,Cofax,Picken,05/16/1971,Female,6 Victoria Place
537,Frannie,Tregensoe,Birdfield,06/16/1990,Female,385 Mallard Trail
538,Jae,Warby,Cotterrill,01/27/2008,Male,5 Sycamore Plaza
539,Flinn,Christian,MacTeggart,05/03/1990,Male,274 La Follette Junction
540,Cozmo,Shoppee,Anders,05/05/1997,Male,270 Sunnyside Crossing
541,Gertie,Killough,Josilowski,06/09/2007,Female,931 Kingsford Parkway
542,Isadora,Skentelbury,Spellacy,03/17/1971,Female,5 Fulton Court
543,Rocky,Looks,Delmage,11/07/1971,Male,948 Burrows Hill
544,Sadye,Marguerite,McRobert,05/28/1978,Female,44045 Brentwood Street
545,Chev,Gretham,Wedderburn,10/23/1996,Male,341 Roth Lane
546,Raeann,Foxcroft,Glenn,01/16/1999,Female,3 Gale Drive
547,Rees,Faldoe,Roz,04/10/2006,Male,04258 Veith Plaza
548,Gard,Wipper,Hilldrup,12/04/1998,Male,517 Anzinger Court
549,Tadd,Quiddington,McLarty,11/08/1988,Male,1 Gateway Parkway
550,Aurie,Posvner,Brosius,09/06/1975,Female,77112 Esch Circle
551,Prentiss,McBride,Kerby,05/20/1990,Male,1 Summit Way
552,Johny,Doorey,Portigall,10/10/1981,Male,682 Twin Pines Court
553,Inger,Baudry,Stoneley,10/29/1976,Male,6 Anniversary Way
554,Quint,Mattersley,Peert,03/18/1978,Male,9 Caliangt Avenue
555,Hussein,Sponton,Rapa,10/22/1986,Male,104 Arkansas Court
556,Abba,Jerrard,Vermer,04/11/1991,Male,63 Browning Junction
557,Shelby,McCluskey,Kedge,01/10/1985,Male,02936 Buell Drive
558,Marcellus,Vales,Murphy,11/28/1992,Male,5 Schiller Center
559,Onida,Adamo,Meachem,07/11/2004,Female,5 Alpine Pass
560,Tadeas,Rix,Jedrysik,03/01/2004,Male,94909 Springs Drive
561,Ernestus,McKeady,Kolakowski,09/10/1999,Male,26 Sunnyside Crossing
562,Yorgo,Roust,Cammell,08/16/1984,Male,440 Green Ridge Trail
563,Edgar,Revie,Lean,06/10/1989,Male,2 Johnson Lane
564,Lottie,Baunton,Sidnall,02/24/2007,Female,874 Boyd Place
565,Dale,Vellacott,Gossipin,12/08/2007,Female,5 Dexter Court
566,Lynnette,Northleigh,Willimot,05/11/1970,Female,261 Randy Parkway
567,Willi,Guillerman,Hackly,09/14/2003,Male,4946 Armistice Court
568,Blinnie,Wines,Baldelli,11/19/2007,Female,221 Anthes Court
569,Sharity,Ferraro,McInally,01/13/1986,Female,18916 Derek Parkway
570,Staford,Rogier,Steeples,08/28/1982,Male,20218 Sheridan Parkway
571,Norris,Shawl,Labone,02/15/1976,Male,3 Rockefeller Parkway
572,Dana,Snibson,Legge,04/14/1989,Female,70966 Donald Way
573,Arlin,Keyson,Blackman,12/09/1989,Male,29033 Atwood Court
574,Brooks,Hablot,Alsop,08/16/1994,Female,61 Lunder Drive
575,Chery,Duhig,Wigfall,08/27/1989,Female,5 Johnson Street
576,Yves,Reubbens,Pury,06/23/1994,Male,9045 Ridgeview Drive
577,Veronike,Authers,Trunks,11/17/2007,Female,96209 Thierer Hill
578,Moreen,Fritter,Kaines,03/21/1996,Female,018 Hayes Terrace
579,Bordy,Plumbe,Doohey,08/22/1978,Male,8513 Crescent Oaks Junction
580,Cherlyn,Avraam,Eccersley,02/20/1976,Female,0 Eagan Drive
581,Dotti,Whear,Pears,11/30/1994,Female,06596 Bayside Junction
582,Aurelie,Clarricoates,Bysaker,10/04/1994,Female,231 Duke Point
583,Deeanne,Anstie,Barbour,10/23/2000,Female,4 Westport Park
584,Angel,Rikel,Pound,01/19/1999,Female,879 Center Drive
585,Tiebold,de la Tremoille,Visick,01/28/2011,Male,571 Beilfuss Pass
586,Maible,Tunnadine,Dun,11/04/1984,Female,93 Butterfield Drive
587,Amandi,MacCarroll,Dugan,03/17/1976,Female,87600 Iowa Circle
588,Cooper,Corradino,Blaber,07/20/2012,Male,7 Dayton Junction
589,Tyrone,Seamons,McLuckie,07/04/1982,Male,50 Mendota Center
590,Gardner,Medford,Attow,09/22/2001,Male,0583 Blackbird Center
591,Elora,Abberley,Palek,03/07/2000,Female,8744 Dennis Center
592,Shina,Ovendon,Ranson,08/31/1974,Female,3 Washington Trail
593,Clemmy,De Malchar,Tettersell,05/03/1975,Female,860 Toban Hill
594,Lilyan,Shallo,Cordero,09/29/2003,Female,3590 Duke Lane
595,Barnie,Owbrick,Betteridge,03/24/1975,Male,8 Stang Parkway
596,Stesha,Kibbye,Resun,07/24/2011,Female,017 Summerview Circle
597,Johannes,Strowger,Burcombe,10/06/1998,Male,1307 Starling Trail
598,Mayer,Ackery,Danzig,08/15/1971,Male,309 Dwight Trail
599,Seka,Siebart,Orfeur,11/01/2005,Female,8111 Parkside Avenue
600,Horst,Bacon,Tatlock,11/02/1998,Male,38649 Lindbergh Circle
601,Ami,Febre,Eltune,09/19/2009,Female,3 Larry Drive
602,Nial,Paddeley,Abbotts,05/09/1988,Male,6 Superior Point
603,Manuel,Girodon,Critch,03/02/1986,Male,2691 Hoffman Drive
604,Kirsteni,Udy,Tortoishell,05/04/2014,Female,209 Ridgeway Terrace
605,Fredric,Greiswood,Tofanelli,05/12/1982,Male,1289 Wayridge Way
606,Dulcy,Chauvey,Issett,03/14/1998,Female,7 Hooker Trail
607,Guss,Belbin,Conws,08/21/2005,Male,9 Quincy Terrace
608,Nicoline,Niessen,Lanham,06/30/2001,Female,3302 Vera Hill
609,Antonin,Martinon,Kenwyn,08/11/1976,Male,40 Petterle Terrace
610,Sonnie,Halson,Brisco,01/19/2004,Male,02 Memorial Road
611,Beale,Closs,Jozsef,10/11/1994,Male,39756 Evergreen Circle
612,Donal,Ingliss,Iacovides,01/31/1991,Male,50 Southridge Terrace
613,Ive,Leinster,Bunnell,04/29/1983,Male,3698 Dennis Terrace
614,Jerrylee,Gammons,Sheara,08/08/2006,Female,2972 John Wall Way
615,Griswold,Drover,Beasley,11/15/1981,Male,826 Rieder Junction
616,Ignaz,Caldaro,Swatland,03/25/2012,Male,24 Elgar Terrace
617,Joelie,Vagg,Scherme,05/04/2003,Female,997 Cambridge Park
618,Bartolomeo,Mattioli,Crake,07/08/1978,Male,888 Rutledge Junction
619,Arly,Beacom,McBryde,12/08/1995,Female,3590 Boyd Avenue
620,Sibylle,Brade,Feely,01/19/1997,Female,10752 Clemons Park
621,Svend,Burbank,Belchambers,05/11/1988,Male,286 Hoepker Way
622,Alain,Hanhard,Banbridge,08/28/2011,Male,386 Melody Way
623,Gloriane,Waleworke,Spinley,12/29/2013,Female,691 Old Gate Terrace
624,Cristiano,Lamonby,Ayliff,06/16/1985,Male,12357 Lake View Center
625,Henrik,Beecheno,Grane,03/22/1977,Male,05598 Farmco Street
626,Archibold,Dickinson,Allanby,02/15/1988,Male,7451 Forster Street
627,Gregoire,Shillitto,Hubner,01/27/2014,Male,079 Oakridge Way
628,Rhett,Say,Guirard,05/30/1987,Male,1 Hudson Crossing
629,Uriel,Creaven,Harverson,01/22/1987,Male,60634 Melvin Court
630,Kaylil,Harcarse,Irwin,09/19/1986,Female,73014 Sycamore Alley
631,Lian,Grandin,Michel,12/14/2002,Female,617 Pawling Pass
632,Vere,MacEntee,Bonham,04/15/1993,Female,5777 Rowland Road
633,Sarena,Semerad,Winspare,11/24/1998,Female,2070 Arizona Alley
634,Pablo,Millery,Tapley,12/26/1974,Male,4 Aberg Alley
635,Fiann,Baton,Cunney,01/03/1994,Female,0 3rd Hill
636,Martyn,Clowney,McBrier,01/30/1987,Male,58 Sheridan Point
637,Johanna,Lemmens,Leipoldt,10/08/2006,Female,4675 Doe Crossing Road
638,Elmo,Morrieson,Craythorn,03/19/1994,Male,995 Starling Alley
639,Denny,Maciocia,Foldes,07/26/1999,Female,67144 Kennedy Place
640,Karoly,Sketcher,Pablo,12/25/1995,Male,9 Grim Junction
641,Anne,Rudham,de Villier,01/26/1973,Female,039 Mayer Terrace
642,Damian,Stembridge,Bucksey,03/13/2003,Male,6555 Londonderry Trail
643,Olga,Paull,Dymock,01/10/1992,Female,51826 International Drive
644,Gilligan,Bevans,Jenkerson,02/19/2009,Female,9 Katie Alley
645,Constantine,Totton,Tuckie,12/13/1988,Female,980 Hermina Way
646,Clare,Wenman,Wyndham,07/28/1982,Female,5320 Petterle Circle
647,Colby,Middiff,Insoll,05/03/1976,Male,77 Cottonwood Hill
648,Quintus,Sulter,Shovelton,03/14/1984,Male,2972 Emmet Terrace
649,Ollie,McDiarmid,Purdon,12/03/2006,Female,68 Scofield Place
650,Andy,Arthurs,McGavin,03/12/1974,Female,03 Harper Park
651,Patten,Pedrazzi,Lambe,02/27/2002,Male,62891 Carioca Center
652,Em,Cheak,Foss,06/12/2007,Female,8186 Lindbergh Avenue
653,Daisey,Sawyers,oldey,08/24/1971,Female,31 Dottie Crossing
654,Jillian,Sterman,Stratz,10/03/2013,Female,78497 American Ash Terrace
655,Karel,Ledrun,Crickmer,04/28/1989,Male,432 Troy Terrace
656,Saraann,Galer,Isacq,12/22/1991,Female,851 Sloan Court
657,Elisabeth,Lacasa,FitzAlan,01/01/1997,Female,36706 Algoma Circle
658,Dannye,Yeude,Bail,12/13/2010,Female,6 Waywood Terrace
659,Ashlan,Pollington,Veeler,02/08/2010,Female,04 Rigney Park
660,Viola,MacPhee,Boltwood,10/01/1990,Female,728 Sunnyside Court
661,Zachary,Brabban,Haysman,05/31/1991,Male,1 Lunder Court
662,Luciano,Corrington,Kleiser,08/15/2011,Male,2 Eagan Circle
663,Evaleen,Verbeek,Alders,08/04/1992,Female,8 Raven Lane
664,Beverly,Gurg,Russam,02/14/2006,Female,83 Nelson Alley
665,Bell,Kinforth,Feenan,10/10/1991,Female,345 Autumn Leaf Alley
666,Adrian,Skures,Cecely,01/08/1979,Male,19797 Manufacturers Court
667,Alric,Halpeine,Endicott,03/08/2000,Male,6196 Pierstorff Place
668,Alic,Kaaskooper,Scholl,08/21/2014,Male,1 Memorial Crossing
669,Tallia,Bowick,Downey,11/04/2003,Female,03 Carpenter Park
670,Andreas,Blackster,Elfleet,01/23/1994,Male,63 Cottonwood Pass
671,Abby,Wallas,Pennings,08/20/2013,Female,9 Center Center
672,Casper,Cotgrove,Hanington,09/18/1978,Male,1915 Helena Way
673,Marcella,Mingus,Tiptaft,03/23/1973,Female,096 Westerfield Parkway
674,Felipe,MacCumiskey,Storr,01/23/2014,Male,79 Rigney Terrace
675,Sigmund,Mundall,Olyunin,01/20/1970,Male,839 Di Loreto Junction
676,Tanner,O' Markey,Kenway,08/14/1978,Male,9 Marquette Trail
677,Aubree,Blackman,Domleo,03/20/1970,Female,74217 Westend Junction
678,Corabella,Pizer,Sobey,07/12/2002,Female,067 Goodland Circle
679,Ken,Scrowton,Raund,11/17/2000,Male,3327 Huxley Place
680,Hilary,Carling,Schulter,03/05/1972,Male,69986 Westerfield Circle
681,Maude,Gawith,Gillbey,01/31/1974,Female,0992 Kenwood Pass
682,Hendrik,Trapp,Jikovsky,08/26/1974,Male,06078 Westend Way
683,Janaya,Wotherspoon,Carlisi,11/02/2002,Female,545 7th Crossing
684,Arnoldo,Beldom,Vickers,08/04/1994,Male,43 Golf Course Park
685,Bette-ann,Tal,Condict,02/14/1984,Female,393 Melvin Terrace
686,Shanta,Heatlie,Isselee,11/23/1982,Female,7544 Fair Oaks Plaza
687,Shamus,Hek,Waud,05/12/1992,Male,0046 Lakewood Gardens Park
688,Halsey,Bracci,Tidman,08/06/1994,Male,7204 Holmberg Avenue
689,Sybille,Blenkinsop,Jobb,04/10/2011,Female,40 Crowley Crossing
690,Clarinda,Josefovic,Cometson,12/16/1971,Female,77 North Way
691,Geralda,Menault,Beels,05/13/1979,Female,49 Eastlawn Drive
692,Moe,Grombridge,Goning,01/18/1985,Male,9 Stoughton Junction
693,Ollie,Zorer,Jaszczak,07/06/1995,Male,59611 Shasta Court
694,Raphael,Redgate,Shimony,09/27/1979,Male,157 Express Crossing
695,Viviana,Aykroyd,Durning,11/20/1979,Female,4 Annamark Park
696,Amelia,Robiou,Tortoise,05/10/2001,Female,501 Esker Junction
697,Maurizia,Causer,Hinckley,09/16/2008,Female,164 Gina Junction
698,Kassia,Cattlemull,Basire,09/03/1983,Female,1234 Spaight Parkway
699,Rudolph,Minchella,Turner,07/27/2005,Male,2 Boyd Parkway
700,Norina,Blade,Vasnev,01/29/2000,Female,461 Tennessee Drive
701,Leland,Ragles,Lochet,11/21/1981,Female,3426 Bonner Crossing
702,Vassily,Coggan,Hatterslay,01/21/1978,Male,3 Laurel Trail
703,Lindon,Friedenbach,Gillbanks,11/20/1997,Male,3255 Norway Maple Alley
704,Audrey,Barnewell,Dullingham,11/23/1971,Female,6318 Bellgrove Lane
705,Alon,Reis,Uwins,06/08/2002,Male,89 Mandrake Circle
706,Martynne,Aldwich,Placidi,06/26/1972,Female,8 Glacier Hill Center
707,Cori,Vise,Halifax,08/26/2006,Male,26 Bellgrove Junction
708,Benn,Scargill,Postin,11/18/1972,Male,779 Golf View Circle
709,Kristina,Sausman,McMurdo,06/21/1971,Female,657 Meadow Vale Center
710,Olivier,Slorance,Bashford,05/21/1973,Male,874 Arapahoe Park
711,Sunny,McGriffin,Antal,01/14/1983,Male,79 Scott Road
712,Frayda,Crayden,Largan,08/08/1994,Female,19 Scott Circle
713,Aubrey,Thraves,Tofful,09/02/2013,Female,07066 Claremont Drive
714,Merle,Alessandrucci,Saggers,07/05/1983,Female,7448 Pleasure Junction
715,Katerina,Dinjes,Shapera,07/09/1994,Female,7324 Trailsway Drive
716,Hannis,Jikovsky,Longwood,10/15/1991,Female,88 Fieldstone Terrace
717,Heida,Radwell,Ikins,08/08/2009,Female,4 Farragut Court
718,June,Greschke,Frentz,04/27/1980,Female,491 Petterle Center
719,Georgy,Chritchlow,Delatour,12/06/1993,Male,4 Lyons Parkway
720,Kristoffer,Wallsam,Moine,02/03/2003,Male,7789 Forest Dale Court
721,Kym,Upshall,Rigney,04/28/1970,Female,727 Prairie Rose Junction
722,Corrie,Hanne,Kalkofer,07/08/2013,Male,2895 Browning Center
723,Kathy,Lodwig,Stark,04/17/1990,Female,8739 Ronald Regan Court
724,Mimi,Francke,Grigoriscu,03/05/1988,Female,94312 Oriole Circle
725,Blinny,Lohrensen,Nazareth,07/30/1991,Female,0 Scofield Point
726,Sherlock,Junkison,Franzman,02/10/1988,Male,7 Melody Road
727,Raymund,Mugridge,Collelton,07/15/1994,Male,953 Scofield Street
728,Trip,Formilli,Beccera,06/03/1975,Male,108 Scott Parkway
729,Shaylynn,Streeten,Marney,05/25/1992,Female,07376 Bowman Terrace
730,Elliot,Nibley,Middlebrook,01/27/1980,Male,851 Onsgard Trail
731,Marlon,Dain,Fardell,11/09/1987,Male,64 Algoma Park
732,Herman,Fulk,Georgelin,05/11/1978,Male,9104 Everett Park
733,Brocky,Shakeshaft,Demeter,07/25/2005,Male,56554 Algoma Circle
734,Madalena,Burrass,Cristofol,05/19/2007,Female,21460 Drewry Road
735,Rayshell,Meneo,Arundale,05/28/1971,Female,669 Armistice Drive
736,Fay,Pyke,Mayhead,07/22/2005,Female,9 2nd Street
737,Carmela,Zanolli,Seekings,05/15/2012,Female,08 Hovde Trail
738,Natka,Duggary,Bosnell,08/25/2008,Female,05 Drewry Lane
739,Morgen,Doddemeede,Haggerston,02/14/2008,Female,92 Carberry Crossing
740,Vite,Kyne,Lowbridge,02/04/2004,Male,05 Colorado Way
741,Loria,Cofax,Farnham,09/11/1995,Female,86115 Oak Junction
742,Cassie,Reedy,Baumford,11/07/1976,Male,1 Pierstorff Alley
743,Andrea,Dellit,Rantoul,09/20/1978,Male,535 Del Mar Road
744,Thedrick,Scholtis,Hoggetts,04/22/1970,Male,9 Graedel Court
745,Rheta,Fedynski,Lamke,08/24/2002,Female,2 High Crossing Hill
746,Meghan,Gledstane,Waugh,11/09/2005,Female,69489 Lawn Street
747,Syman,Gaule,Bartolommeo,01/25/1984,Male,02 Derek Center
748,Berke,Reddel,Tanzer,08/26/1992,Male,7 Bellgrove Plaza
749,Mariejeanne,Edlington,Risebarer,10/06/1997,Female,8 Sauthoff Circle
750,Britt,Casaccia,Whickman,12/01/2004,Male,047 Oriole Place
751,Henryetta,Scholig,Bohan,11/23/2014,Female,63 Glacier Hill Center
752,Alanson,Foxten,Pendre,06/15/1977,Male,8 Coolidge Crossing
753,Fayina,Ayton,Graysmark,05/09/2003,Female,69 Spaight Point
754,Marcella,Abramamov,Dennison,10/19/1979,Female,6174 Utah Terrace
755,Desiri,Paget,Russi,09/29/2008,Female,66084 Derek Junction
756,Gaynor,Kyffin,Janoch,09/27/1996,Female,2725 Cambridge Point
757,Tomasina,Witt,Tithecote,08/25/1987,Female,654 Katie Center
758,Jerrine,Wipfler,Harm,03/30/1971,Female,292 School Street
759,Fallon,Bratley,Tebbitt,03/07/1982,Female,67 Pankratz Road
760,Beck,Frentz,Bim,06/25/2012,Male,71 Porter Way
761,Had,Bucknell,Arnaldi,05/12/1989,Male,27814 Ridgeway Hill
762,Roshelle,Tackett,Annandale,01/18/2004,Female,7 Rutledge Terrace
763,Ryann,Hussell,MacCleod,12/08/2009,Female,1 Helena Alley
764,Ruthy,Ince,Mockler,03/01/1981,Female,5 Carpenter Court
765,Hashim,Hiom,Guess,04/16/1997,Male,4361 Columbus Avenue
766,Ogden,Punter,Delea,10/11/2013,Male,2573 Blue Bill Park Hill
767,Elicia,Fillary,Bleackly,05/19/1989,Female,4335 Manufacturers Terrace
768,Rossy,Godilington,Godon,08/11/1990,Male,3480 Northview Circle
769,Jilleen,Butters,Franzonello,12/04/1996,Female,53 Harbort Plaza
770,Farley,Swithenby,Berrisford,05/12/1979,Male,42 Killdeer Parkway
771,Marice,Dobbs,Yurinov,12/01/1993,Female,03863 Dakota Plaza
772,Sapphira,Paladino,Treble,02/04/2013,Female,98548 Schmedeman Junction
773,Lowe,Haddrill,Yeoland,12/13/1981,Male,7 Buena Vista Park
774,Emelina,Ruddiforth,Trundler,08/03/2012,Female,611 Nelson Pass
775,Bryon,Lamcken,Kleehuhler,05/10/2002,Male,92 Gerald Trail
776,Margarete,Rack,Bellin,09/30/1992,Female,0 Brentwood Lane
777,Hobard,Gordon-Giles,Speer,08/31/2008,Male,27 Sutherland Way
778,Larina,Giorgini,Tumbridge,11/13/2005,Female,64 Lake View Drive
779,Libbey,Troctor,Beaufoy,07/17/1997,Female,74 Dottie Parkway
780,Bea,Patemore,Nash,02/18/1974,Female,319 Scott Crossing
781,Mirelle,Hartgill,Yo,01/06/2002,Female,81 1st Point
782,Charil,Reckless,Knights,04/12/1993,Female,9 Kedzie Place
783,Pincas,Bruhke,Couzens,12/02/2010,Male,4277 Granby Park
784,Luise,Palfreyman,Lanning,10/03/1985,Female,09 Bunker Hill Court
785,Quentin,Gronw,Cossell,07/11/2003,Male,8 Sundown Terrace
786,Vitia,Clayworth,Mothersdale,10/05/2014,Female,5091 Clemons Circle
787,Reyna,Cicchillo,Anshell,05/01/1984,Female,04 Swallow Street
788,Emmey,Griffitt,Al Hirsi,10/03/1989,Female,7 Menomonie Junction
789,Rudie,Wimlett,Yeoman,02/24/1978,Male,8 Springview Circle
790,Karna,Fitzroy,Cary,04/22/2008,Female,111 Glacier Hill Trail
791,Ario,Gun,Yewman,04/06/2000,Male,62277 Chive Drive
792,Emelda,O'Connolly,Pringell,06/24/2009,Female,44640 Holy Cross Court
793,Licha,Mowles,Pavic,08/20/2002,Female,88 2nd Trail
794,Angelia,Mayow,Rouby,01/02/2000,Female,362 Tony Plaza
795,Hagan,Blenkin,MacMillan,02/17/2007,Male,8 Nelson Road
796,Ode,Scates,Dyde,11/21/1989,Male,25 Scofield Circle
797,Rickert,Haye,Silbermann,05/23/1990,Male,389 Anderson Avenue
798,Neall,Queree,Stilliard,04/13/1995,Male,8 Nelson Plaza
799,Bone,Surmon,Antoniewski,02/05/1978,Male,90 Anniversary Road
800,Hildegarde,Matevushev,Conningham,10/23/2001,Female,171 Southridge Road
801,Doll,Stringfellow,Beasleigh,08/17/1977,Female,093 Mariners Cove Junction
802,Neill,Stopforth,Sidaway,05/01/1988,Male,70091 Rowland Parkway
803,Stanleigh,Hrinchishin,Ingliss,07/05/1981,Male,2175 Hermina Pass
804,Suki,Ledley,Matuszkiewicz,05/04/1986,Female,00 Schurz Circle
805,Kyle,Whines,Degoy,04/10/1989,Male,513 Acker Trail
806,Anny,Masseo,Goodredge,07/30/1994,Female,6607 Service Junction
807,Freeman,Crewdson,Gask,06/03/1974,Male,6415 Old Gate Parkway
808,Jodee,Tinsey,Hellen,02/02/1992,Female,091 Orin Center
809,Nannette,Somerled,Mayes,10/29/1970,Female,7123 Westridge Road
810,Nicky,Woloschinski,Laba,06/25/1971,Male,14 Melvin Alley
811,Jacynth,Gwalter,Collington,06/26/1984,Female,988 Arkansas Center
812,Clo,Errowe,Cianni,06/22/2014,Female,94 Garrison Hill
813,Aldin,Barmby,Rutgers,10/19/1997,Male,71 Debs Circle
814,Truman,Adamovitch,Marrion,11/17/1992,Male,3155 Blaine Street
815,Helen,Thumim,Ast,08/20/1972,Female,1 Prairieview Park
816,Alvy,Antonik,Keitch,05/23/2014,Male,455 Veith Drive
817,Ignaz,Trevena,Stow,04/07/1986,Male,4637 Anhalt Hill
818,Fabiano,Sanches,Standage,09/29/2000,Male,6 Village Green Park
819,Burlie,Sperry,Delacoste,11/23/2006,Male,6053 Oakridge Road
820,Raphael,Hachette,Bake,09/10/1983,Male,20 Bayside Road
821,Cliff,Putterill,Calwell,09/09/1982,Male,14 Warner Trail
822,Derek,Skokoe,Rayner,05/16/1975,Male,5766 Union Avenue
823,Norah,Crossman,Le Huquet,10/02/1970,Female,4 Manley Plaza
824,Davy,Kleinstern,Latus,03/29/1987,Male,89226 Orin Way
825,Eustacia,Walduck,Houdhury,04/18/2001,Female,1 Cascade Crossing
826,Frazier,Riddlesden,Beere,08/24/2009,Male,17271 Bashford Point
827,Hetti,McBeath,Jarlmann,02/10/1987,Female,1373 Packers Junction
828,Conny,Scotland,Dalgarno,01/26/1998,Female,91658 High Crossing Place
829,Elyn,Branthwaite,Gasnoll,11/16/2006,Female,9 Dovetail Pass
830,Hulda,Whitemarsh,Paull,12/25/1999,Female,1 Gulseth Parkway
831,Martie,McLardie,Ashe,03/01/1986,Male,1870 Sunnyside Road
832,Hatti,Digby,Hissett,03/08/2004,Female,98 West Center
833,Eadie,Merrikin,Murfin,03/11/1997,Female,99 Kensington Center
834,Nixie,Oblein,Chanders,05/15/1995,Female,85215 American Ash Street
835,Gertie,Ierland,Widdison,07/17/1973,Female,0603 Reindahl Junction
836,Dwayne,Bodemeaid,Coomber,07/04/1980,Male,7 Northridge Road
837,Elva,Belchem,Pedlow,02/02/1988,Female,9581 Tennyson Lane
838,Kinny,Tugwell,Visco,06/28/2014,Male,4110 Thompson Alley
839,Homerus,Theuss,Buckingham,04/19/1987,Male,11136 Sheridan Alley
840,Verney,Haddock,Andrioni,05/03/2001,Male,7152 Sunnyside Street
841,Noami,Kolodziejski,Lombardo,10/14/1985,Female,20833 Riverside Junction
842,Gisela,Stranaghan,Olwen,03/06/2006,Female,29054 Redwing Junction
843,Mose,Elkin,Durdan,12/15/1974,Male,3 Kipling Pass
844,Fredra,Heffer,McGiff,01/26/2008,Female,54 Northfield Plaza
845,Ericka,Mewes,Safe,04/21/1975,Female,6 Park Meadow Way
846,Marybeth,Boatwright,MacAnelley,01/05/2001,Female,1 Summer Ridge Street
847,Etan,Quinet,Cranch,11/29/1975,Male,24351 Farmco Lane
848,Rollie,Bennetts,Wisker,07/08/1985,Male,5 American Park
849,Miguelita,Heddon,Regenhardt,09/11/1986,Female,7 Grasskamp Trail
850,Cleon,Churchard,Matczak,11/20/1980,Male,1 2nd Avenue
851,Nobie,Goncaves,Congreave,04/19/2011,Male,4 Express Parkway
852,Sonnie,Wrathall,Ping,08/23/1984,Female,605 Forest Dale Terrace
853,Noni,West,Kauffman,10/02/1980,Female,5 Mcbride Court
854,Marti,Schohier,Bellamy,09/09/1980,Female,1131 Grim Park
855,Maxim,Goodboddy,Simonitto,09/07/1970,Male,064 Welch Lane
856,Sigfried,Olliver,Bohike,12/07/1986,Male,3123 6th Lane
857,Alma,Scurrer,Hawkin,05/25/1987,Female,176 6th Circle
858,Dannie,Pepperell,Summons,12/30/2001,Female,4166 Bunting Plaza
859,Mortimer,Ridsdell,Greenshiels,05/13/1999,Male,00 Grover Pass
860,Donella,Spradbery,Syred,09/03/1994,Female,13 Johnson Alley
861,Vlad,Francescozzi,Klimentyev,02/19/2012,Male,0 Granby Parkway
862,Adelbert,Knotton,Entwhistle,04/04/1995,Male,515 Summer Ridge Point
863,Rodney,Bench,Saunders,04/24/1970,Male,94310 Anzinger Drive
864,Frasquito,Ekkel,Honatsch,01/24/2015,Male,3 Columbus Avenue
865,Hanny,Hadcock,Crossfeld,08/06/1982,Female,3 Vernon Drive
866,Nobie,Scotsbrook,Jennins,02/03/2003,Male,208 Schurz Avenue
867,Rabbi,Tompkiss,Croall,12/20/2000,Male,98 Cody Junction
868,Francklyn,Muncaster,Georgeau,12/03/2004,Male,09587 Kedzie Road
869,Babara,Soaper,Reyne,03/22/1979,Female,0654 Melrose Lane
870,Theda,Lead,Lawrey,08/19/1981,Female,0756 Doe Crossing Point
871,Fabian,Kincey,Schwander,04/17/1996,Male,893 Warbler Alley
872,Eric,Tousey,Norewood,12/27/1977,Male,9853 Del Sol Park
873,Mac,Mazzilli,Bergen,12/01/1996,Male,6189 Mcguire Parkway
874,Clari,Adanet,Chittock,04/07/1991,Female,2069 Pepper Wood Crossing
875,Evangelia,Esler,MacIllrick,02/06/1997,Female,37 4th Crossing
876,Meredeth,Leftbridge,Simonel,12/18/2005,Male,710 Linden Crossing
877,Allan,Cadigan,Matherson,12/02/1982,Male,893 Glacier Hill Circle
878,Gabbie,Binley,Sedgemond,10/22/2000,Male,33592 Bunker Hill Place
879,Orsola,Bradley,Dunnan,03/14/1986,Female,71250 Stoughton Way
880,Hynda,Jillard,Speer,04/03/1996,Female,8603 Nelson Hill
881,Caddric,Lenz,Jeanin,01/25/1991,Male,2 Johnson Trail
882,Creigh,Pinnere,Darrigrand,08/27/2000,Male,65300 Acker Drive
883,Emelda,De Dantesie,Scotchford,07/08/2001,Female,95982 Dixon Park
884,Janaye,Moncarr,Pluvier,07/05/2010,Female,3938 Stuart Park
885,Matty,Andrei,Sowle,06/22/2001,Female,204 Maple Street
886,Royce,Galletley,Toffts,05/06/1976,Male,4 Susan Way
887,Trudi,Karlsson,Halsey,11/22/2006,Female,06464 Kedzie Way
888,Miles,Bernardy,Yuille,04/30/1999,Male,13 Bashford Hill
889,Leonardo,Santen,Pacheco,05/04/1970,Male,05991 Darwin Plaza
890,Barny,Lammenga,Leahy,06/30/1994,Male,8074 Merrick Pass
891,Gage,Sokale,Crevy,03/19/2013,Male,663 Village Road
892,Urson,Kluge,Warret,02/09/1991,Male,344 Warrior Plaza
893,Kristos,Kelemen,Starmore,07/15/1988,Male,7 Dunning Park
894,Jany,McBeth,Wordley,06/20/1995,Female,1 Cardinal Alley
895,Omar,Arenson,Lefley,04/04/1977,Male,06 Shelley Plaza
896,Dale,Hamp,Baugh,11/09/1982,Female,96 Algoma Trail
897,Theresina,Jurewicz,Cranidge,07/23/2001,Female,55 Pine View Place
898,Leeanne,Cruse,Vedyaev,05/31/1985,Female,23 Barnett Lane
899,Hanny,Gidden,Saxby,09/25/1975,Female,47 Truax Junction
900,Holly,Andrei,Roget,12/19/1976,Male,34 Lerdahl Parkway
901,Maddie,Arpe,Gellion,01/26/2012,Male,6 Lyons Alley
902,Clyve,Tarburn,Jumont,01/18/1972,Male,610 Gale Terrace
903,Anjela,Gullivan,Keyte,03/19/1998,Female,4182 Stuart Pass
904,Murdoch,Bodell,Billo,01/09/1987,Male,6773 Browning Crossing
905,Amelita,Imlacke,Vedikhov,10/20/1975,Female,429 Gina Lane
906,Bridget,Smitton,Burkwood,08/07/1996,Female,7 Fairfield Alley
907,Lainey,Goseling,Poel,05/13/2008,Female,45057 Anhalt Avenue
908,Quintin,Fishby,Brittin,11/23/2004,Male,19 Mosinee Parkway
909,Virgilio,Sandyfirth,Odam,07/26/1981,Male,78942 Ridgeview Lane
910,Dosi,Bulled,Drinnan,11/08/1982,Female,814 Cambridge Lane
911,Lucas,Kubec,Godly,08/01/1974,Male,8 Bluestem Pass
912,Quintina,Stollmeier,Rottenbury,11/04/1976,Female,8 Commercial Place
913,Catha,Bampkin,Getcliffe,06/16/1995,Female,3 Drewry Parkway
914,Dewitt,Wellard,Faire,04/23/2010,Male,67265 Springview Avenue
915,Melania,Scourgie,Edmonds,06/12/2011,Female,33 Pepper Wood Alley
916,Farly,Loudyan,Ceillier,10/30/1996,Male,8882 Pearson Park
917,Bale,Mapam,Cornewall,05/17/2004,Male,37360 Shelley Circle
918,Celle,Jinkins,Wrettum,07/02/1994,Female,12 Sullivan Point
919,Edgardo,Wibberley,Coultous,09/01/1993,Male,840 Harbort Avenue
920,Elberta,Klemz,Valentine,04/05/2007,Female,3 Hollow Ridge Street
921,Lacie,Thumnel,Vertey,07/06/2003,Female,75 Burning Wood Point
922,Brandy,Elkin,Girodon,08/18/1986,Female,41650 Mayfield Circle
923,Garek,Jillions,Pawlyn,01/25/1987,Male,552 Vidon Hill
924,Thibaut,Bartalin,Kirkbright,02/05/1998,Male,20520 Pearson Street
925,Cherice,Lembrick,Puddin,06/28/1997,Female,36 Merry Plaza
926,Marketa,Wilde,Orhtmann,11/27/2000,Female,752 Menomonie Plaza
927,Jacquelynn,Thunderchief,O'Noland,09/22/1977,Female,674 Boyd Parkway
928,Libbie,Haney,Woolner,03/18/1992,Female,10 Fordem Alley
929,Baxy,Dawidman,Baytrop,01/11/1980,Male,379 Northland Drive
930,Leanna,Rennicks,Gadsby,09/28/1979,Female,39650 Orin Lane
931,Brendon,Kinnerley,Micheau,11/21/2000,Male,24222 Waxwing Circle
932,Guss,Rowthorn,Otto,11/09/2005,Male,3 Ridgeway Junction
933,Kaylyn,Andrysek,Dummigan,10/09/1993,Female,46 Vidon Center
934,Herb,Crippin,Poppleston,02/10/1976,Male,95986 Glacier Hill Way
935,Guinna,Siburn,Buxam,11/29/1996,Female,5 Hoepker Trail
936,Reube,Rogerson,Parram,03/20/1993,Male,77543 Maryland Junction
937,Nyssa,Tesseyman,Children,07/28/1994,Female,249 Jenifer Road
938,Jessey,Boteman,Fishbie,01/26/1970,Male,4 Glendale Drive
939,Tracy,Jacob,Duiguid,08/30/2002,Male,551 Fuller Center
940,Adoree,Voas,Scadding,03/24/1974,Female,3 New Castle Lane
941,Keefer,MacLese,Tripcony,04/07/1999,Male,676 Fordem Pass
942,Nerissa,Keough,Lordon,05/03/1977,Female,5 Monterey Court
943,Larine,Kinzett,Ebbitt,05/11/1991,Female,4 Sommers Drive
944,Krysta,Deeley,Halliberton,11/17/2011,Female,4 Hallows Road
945,Deeann,Dunkersley,Hartigan,02/17/1996,Female,132 Ronald Regan Court
946,Kayle,Josephov,Ciccone,01/04/2009,Female,2 Grim Junction
947,Edie,Skuse,Jan,01/16/2006,Female,4 Iowa Trail
948,Gilles,Shills,Ondrusek,04/12/2000,Male,34 Buhler Plaza
949,Biron,Ruzic,Wallace,02/06/1971,Male,01279 Spohn Point
950,Curry,Ridgers,Olivelli,09/26/2012,Male,9540 Kings Plaza
951,Artus,Bardwall,Sperry,10/11/2014,Male,281 Meadow Vale Crossing
952,Torry,Bimrose,Ouldcott,06/15/1971,Male,22479 Acker Plaza
953,Nickolas,Vallerine,MacTerlagh,04/25/1995,Male,733 Monterey Way
954,Parnell,Williamson,Sorrell,10/26/1986,Male,1 Del Mar Circle
955,Rina,Gittings,Widocks,05/31/1981,Female,6253 Westend Court
956,Lucho,Pietrasik,Brummitt,08/18/1994,Male,25982 Service Avenue
957,Burt,O'Dyvoy,Grenkov,01/26/1971,Male,62164 Manitowish Alley
958,Cherin,Darington,Winnard,12/30/1997,Female,7 Washington Court
959,Quentin,Kinton,Cummungs,04/16/1991,Female,53212 Corben Court
960,Christian,Moriarty,Aimer,09/16/1983,Male,35947 Cody Circle
961,Nikolaus,Marple,Lugden,09/19/1975,Male,1267 Gateway Park
962,Jemima,Durbin,Starkey,02/01/1993,Female,5818 Luster Court
963,Dalis,Joesbury,McColgan,12/27/2010,Male,7802 Northfield Avenue
964,Dillon,Norster,Mathan,08/08/2011,Male,39 Dryden Circle
965,Heall,Balthasar,Fairbairn,08/09/1992,Male,2962 Caliangt Parkway
966,Stacie,Feedome,Sidden,11/13/2005,Female,451 Banding Park
967,Elmer,Gunningham,Mayers,01/15/2014,Male,3828 Garrison Drive
968,Earl,Grinyer,Ramshaw,08/11/2010,Male,2746 Sage Drive
969,Kathlin,Dumphy,Durban,07/09/1982,Female,95016 Dixon Junction
970,Elsi,Alenshev,Tchaikovsky,03/12/1986,Female,2956 Swallow Alley
971,Hansiain,Hugland,Garlee,07/19/1986,Male,228 Cambridge Parkway
972,Susann,Mainstone,Bispham,08/15/1971,Female,9303 Little Fleur Park
973,Edgard,Arstingall,Staveley,04/22/1990,Male,10 Almo Trail
974,Chick,Traice,Fasey,03/30/1994,Male,023 Red Cloud Place
975,Glen,Hosburn,Yushkin,02/20/2005,Female,152 Dennis Avenue
976,Ameline,Syrett,Brereton,06/23/1976,Female,148 Petterle Point
977,Lester,Skipsey,McInnery,08/03/1975,Male,5059 Rieder Way
978,Moreen,Forth,Le Fevre,11/10/2014,Female,84268 Darwin Court
979,Lawrence,Trittam,Earwaker,06/04/2004,Male,29533 Glendale Way
980,Waly,Haigh,Cullotey,04/12/1985,Female,69241 Debra Way
981,Tatiania,Blackett,McGowran,06/27/2004,Female,90466 Mayfield Circle
982,Sarajane,Cranefield,Dumphrey,12/09/2007,Female,068 Sommers Street
983,Aeriela,Dummigan,Sleeman,09/04/2013,Female,849 Darwin Street
984,Patrica,Pilmer,Tettersell,09/11/1986,Female,13 Spenser Place
985,Barnabe,Jancik,Brunsen,08/14/2000,Male,0 Scofield Park
986,Carlotta,Holcroft,Checklin,10/27/1978,Female,64009 Waxwing Trail
987,Washington,Allard,Kubacki,03/27/1977,Male,2870 Cottonwood Center
988,Ashli,Davenhill,Stollenberg,06/28/1993,Female,423 Manitowish Pass
989,Lisbeth,Leneve,Chaney,12/06/1987,Female,64 Melby Trail
990,Leonie,Ewell,Ells,08/03/2007,Female,068 Homewood Park
991,Lynett,Fendlen,Wickens,05/10/2004,Female,488 Continental Avenue
992,Eartha,Linkie,Twohig,06/24/2002,Female,5 Golf View Pass
993,Sydel,O'Currine,Seery,04/03/2004,Female,752 Butterfield Plaza
994,Beckie,Sprowle,Hyndley,10/02/2003,Female,58069 Cardinal Terrace
995,Jesse,Eastabrook,Fewlass,04/30/1995,Female,255 Menomonie Street
996,Johnnie,Statter,Dedden,11/05/1983,Male,1 Coolidge Avenue
997,Jamie,Irdale,Jahner,09/11/1978,Female,94004 Bayside Place
998,Wilmar,Palfree,Inglefield,03/11/2003,Male,492 Rowland Alley
999,Gerald,Divell,Duffer,05/16/1997,Male,3 Kings Court
1000,Jere,Larmor,Pozer,01/16/1982,Female,74 Judy Point
